<?xml version="1.0" encoding="utf-8" ?>
<mdscript name="V1024_ConstantCurruption_TehGMs_Mod" xmlns:xsi="http://www.w3.org/2001/XMLSchema-instance" xsi:noNamespaceSchemaLocation="md.xsd">
  <cues>
    <cue name="ConstantCoruption_Init" version="2">
      <conditions>
        <!-- Consider the following cases: -->
        <check_any>
          <!-- Case 1: Fresh load from gamestart -->
          <event_cue_signalled cue="md.Setup.GameStart"/>
          <event_player_created/>
		  <event_game_loaded/>
          <!-- Case 2: Load from no-mod save -->
          <event_cue_signalled cue="md.Setup.Start"/>
          <event_cue_signalled/>
        </check_any>
      </conditions>
      <actions>
        <set_value name="global.$cc_level" exact="1" />
        <set_value name="global.$cc_timeout" exact="0" />
        <show_help custom="'Initialized Constant Corruption (TehGMs Update).'" duration="5s" />
        <debug_text text="'Initialized Constant Corruption (TehGMs Update).'" chance="100" />
        <signal_cue_instantly cue="Loop_InitialDelay" />
      </actions>
      <patch sinceversion="1">
        <set_value name="global.$cc_level" exact="1" />
        <set_value name="global.$cc_timeout" exact="0" />
      </patch>
    </cue>
    <cue name="Loop_InitialDelay" instantiate="true">
      <conditions>
        <event_cue_signalled />
      </conditions>
      <delay exact="60s"/>
      <actions>
        <do_if value="player.age lt 12h">
          <signal_cue_instantly cue="Loop_InitialDelay" />
        </do_if>
        <do_else>
          <signal_cue_instantly cue="Loop_MainBody" />
          <debug_text text="'Initial delay complete'" chance="100" />
        </do_else>
      </actions>
    </cue>
    <cue name="Loop_MainBody" instantiate="true">
      <conditions>
        <event_cue_signalled />
      </conditions>
      <actions>
		<!-- runtime vars -->
		<set_value name="$cc_coverage_per_level" exact="0.12" />
		<set_value name="$cc_max_level" exact="1" />
		<set_value name="$cc_timeout_per_level" exact="2" />	<!-- value is number of iterations -->
	  
        <!-- Count and calculate black market trader percentage -->
        <debug_text text="'Beginning to check'" chance="100" />

        <!-- Map: Sector -> Placeable stations -->
        <set_value name="$sectorMap" exact="table[]" />
        <set_value name="$blackMarketeerCoverage" exact="table[]"/>

        <!-- Find sectors. -->
        <find_sector name="$Sectors" space="player.galaxy" multiple="true">
          <match owner="[faction.xenon, faction.khaak]" negate="true" />
        </find_sector>

        <!-- For each sector, count and tally. -->
        <do_all exact="$Sectors.count" counter="$SectorCounter">
          <set_value name="$Sector" exact="$Sectors.{$SectorCounter}" />

          <!-- Find all stations. -->
          <find_station name="$PossibleStations" functional="true" piratebase="false" space="$Sector" multiple="true">
            <match_products wares="[ware.majadust, ware.spacefuel, ware.spaceweed]" negate="true" />
            <match owner="[faction.player, faction.xenon, faction.khaak, faction.ownerless, faction.civilian]" negate="true" />
          </find_station>

          <!-- Add stations which does not have shady guys to the mapping. -->
          <set_value name="$sectorMap.{$Sector}" exact="[]" />
          <do_all exact="$PossibleStations.count" counter="$StationCounter" reverse="true">
            <set_value name="$Station" exact="$PossibleStations.{$StationCounter}" />
            <do_if value="$Station.shadyguy">
              <continue />
            </do_if>
            <!-- This station does not have a shadyguy. -->
            <append_to_list name="$sectorMap.{$Sector}" exact="$Station" />
          </do_all>

          <!-- Calculate black market trader coverage for individual sectors, should be from 0 to 1 -->
          <set_value name="$stationCount" exact="$PossibleStations.count" />
          <set_value name="$vacantCount" exact="$sectorMap.{$Sector}.count" />
          <do_if value="$stationCount == 0">
            <set_value name="$blackMarketeerCoverage.{$Sector}" exact="1"/>
          </do_if>
          <do_else>
            <set_value name="$blackMarketeerCoverage.{$Sector}" exact="($stationCount - $vacantCount) * 1.0 / $stationCount"/>
          </do_else>
        </do_all>

        <!-- All tallying complete. -->
        <!-- Check black market coverage levels. -->
        <set_value name="$targetCoverage" exact="global.$cc_level * ($cc_coverage_per_level)"/>
        <debug_text text="'Target coverage: ' + $targetCoverage" chance="100" />

        <set_value name="$someSectorsBelowLV" exact="false" />
        <set_value name="$Keys" exact="$blackMarketeerCoverage.keys.list" />
        <set_value name="$possibleSectors" exact="[]" />
        <do_all exact="$Keys.count" counter="$i">
          <do_if value="$sectorMap.{$Keys.{$i}}.count == 0">
            <!-- No station. Skip. -->
            <continue/>
          </do_if>
          <do_if value="$blackMarketeerCoverage.{$Keys.{$i}} lt $targetCoverage">
            <!-- Sector coverage below target coverage -->
            <set_value name="$someSectorsBelowLV" exact="true" />
            <append_to_list name="$possibleSectors" exact="$Keys.{$i}" />
          </do_if>
        </do_all>
        <remove_value name="$Keys" />
		
		
        <do_if value="$someSectorsBelowLV">
          <!-- Find a random sector, and plant a black trader at a random station there. -->
          <set_value name="$targettedSector" exact="$possibleSectors.random" />
          <set_value name="$SelectedStation" exact="$sectorMap.{$targettedSector}.random" />
		  <debug_text text="'Possible sectors: ' + $possibleSectors.count" chance="100" />
          <debug_text text="$SelectedStation.name + ' spawning shadyguy at ' + $targettedSector.name" chance="100"/>

          <!-- Actually places a black market trader at a certain station. -->
          <!-- Uses the vanilla spawning script to ensure script correctness. -->
          <signal_cue_instantly cue="md.NPC_ShadyGuy.AddShadyGuys" param="table[$stations=[$SelectedStation]]" />
          <set_value name="global.$cc_timeout" exact="global.$cc_level * $cc_timeout_per_level" />
        </do_if>
        <!-- All sectors have reached the target, but we're not on max level yet. -->
		<do_elseif value="global.$cc_level lt $cc_max_level">
            <!-- Check timeout, and decrement if > 1. -->
			<!-- Ignore if 0, as increasing coverage level also will take 1 iteration anyway -->
			<do_if value="global.$cc_timeout gt 1">
				<set_value name="global.$cc_timeout" exact="global.$cc_timeout - 1" />
				<debug_text text="'No possible sectors. Timeout loops remaining: ' + global.$cc_timeout" chance="100" />
			</do_if>
			<!-- if not timed out, increase coverage target level -->
			<do_else>
				<set_value name="global.$cc_level" exact="global.$cc_level + 1" />
				<debug_text text="'No possible sectors. Target coverage increased to ' + (global.$cc_level * ($cc_coverage_per_level))" chance="100" />
			</do_else>
		</do_elseif>
        <!-- All sectors have reached the target and we reached max level. -->
		<do_else>
			<debug_text text="'No possible sectors and target coverage reached. Iteration skipping" chance="100" />
		</do_else>

        <remove_value name="$sectorMap" />
        <remove_value name="$blackMarketeerCoverage" />

        <signal_cue_instantly cue="Loop_Iterator" />
      </actions>
    </cue>
	
    <cue name="Loop_Iterator" instantiate="true">
      <conditions>
        <event_cue_signalled />
      </conditions>
      <delay exact="60min"/>
      <actions>
        <debug_text text="'Cooldown complete'" chance="100" />
        <signal_cue_instantly cue="Loop_MainBody" />
      </actions>
    </cue>
  </cues>
</mdscript>